timestamp,heart_rate,panic_attack,activity
2025-01-01 00:00:00,53.20629956265293,0,Screen Time
2025-01-01 00:01:00,80.37814578568639,0,Routine Change
2025-01-01 00:02:00,64.67923846591556,1,Social Interaction
2025-01-01 00:03:00,82.56458574894951,1,Social Interaction
2025-01-01 00:04:00,60.382108321069936,0,Loud Environment
2025-01-01 00:05:00,71.30133404418793,0,Loud Environment
2025-01-01 00:06:00,82.65936810825117,0,Screen Time
2025-01-01 00:07:00,78.04107653572977,0,Loud Environment
2025-01-01 00:08:00,57.833561590862175,0,Routine Change
2025-01-01 00:09:00,70.07000439223829,0,Screen Time
2025-01-01 00:10:00,61.191098524580404,0,Quiet Rest
2025-01-01 00:11:00,47.95900017432414,0,Quiet Rest
2025-01-01 00:12:00,83.20094689933515,0,Quiet Rest
2025-01-01 00:13:00,84.40688078813083,0,Social Interaction
2025-01-01 00:14:00,95.01622158927329,0,Screen Time
2025-01-01 00:15:00,76.68162884564406,0,Screen Time
2025-01-01 00:16:00,86.72095599426774,0,Loud Environment
2025-01-01 00:17:00,81.55367424900624,0,Social Interaction
2025-01-01 00:18:00,72.88260770995485,0,Routine Change
2025-01-01 00:19:00,42.11690550553912,0,Screen Time
2025-01-01 00:20:00,84.7705658448776,0,Screen Time
2025-01-01 00:21:00,102.51644543963259,0,Quiet Rest
2025-01-01 00:22:00,69.88615084661234,0,Routine Change
2025-01-01 00:23:00,85.9630532671812,0,Screen Time
2025-01-01 00:24:00,80.41184870825987,0,Quiet Rest
2025-01-01 00:25:00,86.46457507839092,0,Routine Change
2025-01-01 00:26:00,108.2795621437136,0,Loud Environment
2025-01-01 00:27:00,84.13054675275518,0,Quiet Rest
2025-01-01 00:28:00,84.040139187047,0,Loud Environment
2025-01-01 00:29:00,86.21010880808115,1,Routine Change
2025-01-01 00:30:00,57.055056298672206,1,Screen Time
2025-01-01 00:31:00,81.93610176403811,0,Social Interaction
2025-01-01 00:32:00,76.47958943112297,0,Social Interaction
2025-01-01 00:33:00,65.13923029947678,0,Screen Time
2025-01-01 00:34:00,62.57697428464347,0,Social Interaction
2025-01-01 00:35:00,90.82030474561334,0,Loud Environment
2025-01-01 00:36:00,65.59833845079974,1,Screen Time
2025-01-01 00:37:00,90.81288424224606,0,Quiet Rest
2025-01-01 00:38:00,87.22981225161071,0,Routine Change
2025-01-01 00:39:00,86.29965995471807,0,Loud Environment
2025-01-01 00:40:00,72.73014457302222,0,Social Interaction
2025-01-01 00:41:00,85.3837242600322,0,Social Interaction
2025-01-01 00:42:00,64.07625375999935,0,Loud Environment
2025-01-01 00:43:00,105.67260886761534,1,Loud Environment
2025-01-01 00:44:00,85.33133647639445,0,Screen Time
2025-01-01 00:45:00,92.82337134863717,0,Social Interaction
2025-01-01 00:46:00,70.56852989491,0,Screen Time
2025-01-01 00:47:00,88.24251223616427,0,Social Interaction
2025-01-01 00:48:00,58.157630258405014,0,Screen Time
2025-01-01 00:49:00,80.64433608545552,0,Social Interaction
2025-01-01 00:50:00,40.0,0,Loud Environment
2025-01-01 00:51:00,85.22669497058897,1,Social Interaction
2025-01-01 00:52:00,77.96811898079734,0,Loud Environment
2025-01-01 00:53:00,75.287693424082,0,Social Interaction
2025-01-01 00:54:00,73.34635704337525,0,Social Interaction
2025-01-01 00:55:00,95.96990346842314,0,Routine Change
2025-01-01 00:56:00,72.09788873267988,0,Screen Time
2025-01-01 00:57:00,93.20548510774793,0,Loud Environment
2025-01-01 00:58:00,73.84327079241054,0,Social Interaction
2025-01-01 00:59:00,70.71448139899238,0,Social Interaction
2025-01-01 01:00:00,92.03761400467529,0,Quiet Rest
2025-01-01 01:01:00,49.13160075722273,0,Routine Change
2025-01-01 01:02:00,87.5389557290775,1,Social Interaction
2025-01-01 01:03:00,78.28050046802046,0,Social Interaction
2025-01-01 01:04:00,83.6915215980959,0,Quiet Rest
2025-01-01 01:05:00,100.88581631417745,0,Screen Time
2025-01-01 01:06:00,94.081449227015,0,Routine Change
2025-01-01 01:07:00,68.34815834924365,1,Social Interaction
2025-01-01 01:08:00,83.1795017979972,1,Routine Change
2025-01-01 01:09:00,63.07738544403929,0,Social Interaction
2025-01-01 01:10:00,65.04879127104573,0,Routine Change
2025-01-01 01:11:00,95.63808823105879,0,Social Interaction
2025-01-01 01:12:00,85.48379173019342,0,Social Interaction
2025-01-01 01:13:00,88.10538546752208,0,Social Interaction
2025-01-01 01:14:00,74.68240232076882,0,Loud Environment
2025-01-01 01:15:00,80.34768846094447,1,Routine Change
2025-01-01 01:16:00,85.6085397253734,0,Quiet Rest
2025-01-01 01:17:00,74.94926190461896,0,Screen Time
2025-01-01 01:18:00,91.48169104643108,0,Screen Time
2025-01-01 01:19:00,90.98151708852076,0,Screen Time
2025-01-01 01:20:00,83.62652570281927,0,Screen Time
2025-01-01 01:21:00,99.70234861256014,0,Routine Change
2025-01-01 01:22:00,83.64675588616308,0,Routine Change
2025-01-01 01:23:00,53.799649900719444,0,Loud Environment
2025-01-01 01:24:00,56.04313655933445,0,Loud Environment
2025-01-01 01:25:00,86.40671644878547,1,Social Interaction
2025-01-01 01:26:00,66.95922188271417,0,Quiet Rest
2025-01-01 01:27:00,67.9109347451137,0,Screen Time
2025-01-01 01:28:00,81.60965321749184,0,Quiet Rest
2025-01-01 01:29:00,100.01573094620485,1,Quiet Rest
2025-01-01 01:30:00,72.18097424617812,0,Routine Change
2025-01-01 01:31:00,57.020795202544846,0,Loud Environment
2025-01-01 01:32:00,80.38615844085255,1,Loud Environment
2025-01-01 01:33:00,63.947090890069546,0,Social Interaction
2025-01-01 01:34:00,78.67024617075947,0,Screen Time
2025-01-01 01:35:00,57.54898683204644,0,Routine Change
2025-01-01 01:36:00,54.40426348715956,1,Screen Time
2025-01-01 01:37:00,66.99464661684345,0,Screen Time
2025-01-01 01:38:00,101.06038929584199,0,Loud Environment
2025-01-01 01:39:00,80.72899997508993,0,Routine Change
2025-01-01 01:40:00,77.75618172739472,0,Routine Change
2025-01-01 01:41:00,96.2378632117146,0,Routine Change
2025-01-01 01:42:00,84.2296440282215,0,Social Interaction
2025-01-01 01:43:00,67.28743605480464,0,Loud Environment
2025-01-01 01:44:00,77.8426103327517,0,Loud Environment
2025-01-01 01:45:00,88.42218630223714,0,Routine Change
2025-01-01 01:46:00,58.828884326813224,0,Screen Time
2025-01-01 01:47:00,70.92055625621556,0,Quiet Rest
2025-01-01 01:48:00,83.82549806735399,0,Quiet Rest
2025-01-01 01:49:00,87.78944135792216,0,Screen Time
2025-01-01 01:50:00,56.49940702829369,0,Screen Time
2025-01-01 01:51:00,98.5351405115815,0,Screen Time
2025-01-01 01:52:00,84.18192317812408,0,Routine Change
2025-01-01 01:53:00,73.09251696915435,0,Screen Time
2025-01-01 01:54:00,120.50405394138164,0,Routine Change
2025-01-01 01:55:00,95.53098650370785,1,Routine Change
2025-01-01 01:56:00,107.04319197366134,0,Quiet Rest
2025-01-01 01:57:00,61.37757715421773,0,Routine Change
2025-01-01 01:58:00,55.24600690664005,0,Loud Environment
2025-01-01 01:59:00,87.28791291765012,1,Screen Time
2025-01-01 02:00:00,87.37372026438958,0,Social Interaction
2025-01-01 02:01:00,70.00331639849044,1,Quiet Rest
2025-01-01 02:02:00,119.0870740405623,0,Social Interaction
2025-01-01 02:03:00,81.65721472133619,0,Routine Change
2025-01-01 02:04:00,57.9003319803123,0,Routine Change
2025-01-01 02:05:00,61.224027997671165,0,Social Interaction
2025-01-01 02:06:00,93.22761983388783,0,Routine Change
2025-01-01 02:07:00,67.42894663932633,0,Social Interaction
2025-01-01 02:08:00,78.75870913462524,0,Routine Change
2025-01-01 02:09:00,86.52114338895956,0,Routine Change
2025-01-01 02:10:00,81.57083275760229,0,Quiet Rest
2025-01-01 02:11:00,77.0079853646272,0,Loud Environment
2025-01-01 02:12:00,52.34647155955727,0,Screen Time
2025-01-01 02:13:00,117.43196875973086,0,Loud Environment
2025-01-01 02:14:00,96.61152487122483,0,Screen Time
2025-01-01 02:15:00,93.0223290419068,0,Quiet Rest
2025-01-01 02:16:00,67.93396820870831,0,Screen Time
2025-01-01 02:17:00,82.3541509430843,0,Social Interaction
2025-01-01 02:18:00,93.33835671656928,0,Loud Environment
2025-01-01 02:19:00,54.60181478813276,0,Screen Time
2025-01-01 02:20:00,51.12304726503653,0,Screen Time
2025-01-01 02:21:00,76.60810412203887,0,Social Interaction
2025-01-01 02:22:00,61.15031707716018,0,Quiet Rest
2025-01-01 02:23:00,97.77155812879083,0,Routine Change
2025-01-01 02:24:00,78.44627226110765,0,Loud Environment
2025-01-01 02:25:00,77.15978277193052,0,Loud Environment
2025-01-01 02:26:00,83.45138156230226,0,Social Interaction
2025-01-01 02:27:00,76.16967832337623,0,Loud Environment
2025-01-01 02:28:00,90.21346680959624,1,Routine Change
2025-01-01 02:29:00,49.986088237099125,0,Quiet Rest
2025-01-01 02:30:00,84.89738906556684,1,Quiet Rest
2025-01-01 02:31:00,87.42537920478561,0,Routine Change
2025-01-01 02:32:00,71.81350674766115,0,Screen Time
2025-01-01 02:33:00,84.97086542716671,0,Loud Environment
2025-01-01 02:34:00,73.43860598985017,0,Social Interaction
2025-01-01 02:35:00,95.1234171212664,0,Social Interaction
2025-01-01 02:36:00,77.40013837215976,0,Screen Time
2025-01-01 02:37:00,58.19649015408465,0,Quiet Rest
2025-01-01 02:38:00,92.27090807785169,0,Quiet Rest
2025-01-01 02:39:00,78.23663988929036,0,Social Interaction
2025-01-01 02:40:00,82.78248283701522,0,Social Interaction
2025-01-01 02:41:00,64.76589172611942,0,Social Interaction
2025-01-01 02:42:00,81.36898062846558,0,Quiet Rest
2025-01-01 02:43:00,84.32636831391902,0,Routine Change
2025-01-01 02:44:00,77.94415941082717,1,Social Interaction
2025-01-01 02:45:00,72.66704257006883,0,Quiet Rest
2025-01-01 02:46:00,62.14567102871963,0,Loud Environment
2025-01-01 02:47:00,80.84342754291059,1,Screen Time
2025-01-01 02:48:00,80.21832968305962,0,Screen Time
2025-01-01 02:49:00,59.69293471503751,0,Social Interaction
2025-01-01 02:50:00,96.68727001438853,1,Screen Time
2025-01-01 02:51:00,58.74721548102136,0,Screen Time
2025-01-01 02:52:00,93.30567265382876,0,Routine Change
2025-01-01 02:53:00,74.9799950541415,0,Loud Environment
2025-01-01 02:54:00,74.4347320696883,0,Loud Environment
2025-01-01 02:55:00,75.7961194922738,1,Screen Time
2025-01-01 02:56:00,124.71892891930867,0,Loud Environment
2025-01-01 02:57:00,72.83510226589456,0,Loud Environment
2025-01-01 02:58:00,66.69158491479439,0,Screen Time
2025-01-01 02:59:00,71.86917273897991,0,Screen Time
2025-01-01 03:00:00,69.30807089415251,0,Quiet Rest
2025-01-01 03:01:00,83.14445649409672,0,Social Interaction
2025-01-01 03:02:00,89.72463740617602,0,Screen Time
2025-01-01 03:03:00,84.68491637632253,0,Routine Change
2025-01-01 03:04:00,66.06604619003275,0,Routine Change
2025-01-01 03:05:00,91.16921875254282,0,Screen Time
2025-01-01 03:06:00,84.37601003788421,0,Screen Time
2025-01-01 03:07:00,65.53661624722572,0,Social Interaction
2025-01-01 03:08:00,83.13819815878034,0,Social Interaction
2025-01-01 03:09:00,95.29912126107261,0,Quiet Rest
2025-01-01 03:10:00,93.68341384667349,0,Quiet Rest
2025-01-01 03:11:00,86.8948542421261,0,Quiet Rest
2025-01-01 03:12:00,72.14308546427739,0,Routine Change
2025-01-01 03:13:00,75.88458689757391,0,Routine Change
2025-01-01 03:14:00,94.90761361939306,0,Routine Change
2025-01-01 03:15:00,96.19507642376728,0,Routine Change
2025-01-01 03:16:00,82.28204903294332,0,Social Interaction
2025-01-01 03:17:00,64.17284153817214,1,Loud Environment
2025-01-01 03:18:00,75.71856286129788,0,Quiet Rest
2025-01-01 03:19:00,75.9481920696934,0,Social Interaction
2025-01-01 03:20:00,60.79773779172763,0,Loud Environment
2025-01-01 03:21:00,104.87797514148976,1,Social Interaction
2025-01-01 03:22:00,74.26357110462511,0,Loud Environment
2025-01-01 03:23:00,73.01715179878767,0,Routine Change
2025-01-01 03:24:00,56.50065897196518,0,Social Interaction
2025-01-01 03:25:00,86.52486856067038,0,Social Interaction
2025-01-01 03:26:00,89.93673625823521,0,Routine Change
2025-01-01 03:27:00,84.91835456768356,0,Social Interaction
2025-01-01 03:28:00,65.15656618831815,0,Social Interaction
2025-01-01 03:29:00,61.938339692258786,1,Loud Environment
2025-01-01 03:30:00,73.61765294099769,0,Social Interaction
2025-01-01 03:31:00,94.50641614791681,0,Screen Time
2025-01-01 03:32:00,52.962551996837064,0,Routine Change
2025-01-01 03:33:00,76.83025516822849,1,Routine Change
2025-01-01 03:34:00,55.169883896383794,0,Screen Time
2025-01-01 03:35:00,79.96203663375348,0,Loud Environment
2025-01-01 03:36:00,69.68667091067586,0,Quiet Rest
2025-01-01 03:37:00,73.68131650475247,1,Loud Environment
2025-01-01 03:38:00,54.21470165465117,0,Social Interaction
2025-01-01 03:39:00,88.28617802807095,0,Loud Environment
2025-01-01 03:40:00,107.3680463771808,0,Social Interaction
2025-01-01 03:41:00,62.7546631385058,0,Quiet Rest
2025-01-01 03:42:00,68.83497021330697,0,Social Interaction
2025-01-01 03:43:00,89.54933762621276,0,Screen Time
2025-01-01 03:44:00,61.608573627938355,0,Social Interaction
2025-01-01 03:45:00,97.38791828751735,1,Screen Time
2025-01-01 03:46:00,76.87881154822564,0,Social Interaction
2025-01-01 03:47:00,74.66955612577262,0,Routine Change
2025-01-01 03:48:00,70.55872362726842,0,Screen Time
2025-01-01 03:49:00,77.18618696807239,0,Routine Change
2025-01-01 03:50:00,105.23850186818669,1,Routine Change
2025-01-01 03:51:00,102.40316642216357,1,Routine Change
2025-01-01 03:52:00,84.61509434350674,0,Quiet Rest
2025-01-01 03:53:00,84.86895367022271,0,Social Interaction
2025-01-01 03:54:00,92.8098427799382,0,Screen Time
2025-01-01 03:55:00,84.13218173763252,0,Screen Time
2025-01-01 03:56:00,85.79126190107047,0,Quiet Rest
2025-01-01 03:57:00,90.64607136030001,0,Quiet Rest
2025-01-01 03:58:00,67.68827217613955,0,Quiet Rest
2025-01-01 03:59:00,92.06573727422077,0,Social Interaction
2025-01-01 04:00:00,59.89895132824218,0,Routine Change
2025-01-01 04:01:00,79.61283503264173,0,Quiet Rest
2025-01-01 04:02:00,97.50487093941656,0,Screen Time
2025-01-01 04:03:00,66.51748749863424,0,Social Interaction
2025-01-01 04:04:00,93.01548886622943,1,Screen Time
2025-01-01 04:05:00,81.30479268091655,0,Routine Change
2025-01-01 04:06:00,79.32955345017075,0,Routine Change
2025-01-01 04:07:00,67.4697975814014,1,Loud Environment
2025-01-01 04:08:00,67.80729268463249,0,Routine Change
2025-01-01 04:09:00,78.71925057830364,0,Quiet Rest
2025-01-01 04:10:00,61.40125895241577,0,Quiet Rest
2025-01-01 04:11:00,76.84520072638614,0,Social Interaction
2025-01-01 04:12:00,84.9109254048245,0,Loud Environment
2025-01-01 04:13:00,116.4190027757523,0,Routine Change
2025-01-01 04:14:00,70.94813236575278,0,Social Interaction
2025-01-01 04:15:00,73.0360769371639,0,Screen Time
2025-01-01 04:16:00,76.22790538875279,0,Loud Environment
2025-01-01 04:17:00,70.70935886047484,0,Loud Environment
2025-01-01 04:18:00,103.64799272015793,0,Social Interaction
2025-01-01 04:19:00,84.03460894479416,0,Screen Time
2025-01-01 04:20:00,96.44047202267447,0,Screen Time
2025-01-01 04:21:00,77.3793741630544,0,Social Interaction
2025-01-01 04:22:00,82.60633481971315,1,Social Interaction
2025-01-01 04:23:00,82.4333374487393,0,Screen Time
2025-01-01 04:24:00,62.908162314000755,0,Loud Environment
2025-01-01 04:25:00,72.91069764614026,0,Screen Time
2025-01-01 04:26:00,73.08584515295516,0,Loud Environment
2025-01-01 04:27:00,84.58195743503269,0,Screen Time
2025-01-01 04:28:00,83.96082298326438,0,Routine Change
2025-01-01 04:29:00,78.14221928829843,0,Quiet Rest
2025-01-01 04:30:00,78.61785500434586,0,Social Interaction
2025-01-01 04:31:00,100.53867296022986,0,Social Interaction
2025-01-01 04:32:00,59.66605580501421,1,Routine Change
2025-01-01 04:33:00,77.94994664215545,0,Routine Change
2025-01-01 04:34:00,73.09935237835508,1,Social Interaction
2025-01-01 04:35:00,50.089513857557385,0,Routine Change
2025-01-01 04:36:00,84.88916065696195,1,Screen Time
2025-01-01 04:37:00,49.90364896029837,0,Routine Change
2025-01-01 04:38:00,77.62837941519328,0,Routine Change
2025-01-01 04:39:00,108.39682143363527,0,Routine Change
2025-01-01 04:40:00,84.19434853181558,0,Quiet Rest
2025-01-01 04:41:00,67.41482395626964,0,Quiet Rest
2025-01-01 04:42:00,93.24703822948425,0,Routine Change
2025-01-01 04:43:00,88.42183976336867,0,Social Interaction
2025-01-01 04:44:00,92.43253668923502,0,Routine Change
2025-01-01 04:45:00,93.78126356616234,0,Screen Time
2025-01-01 04:46:00,95.63699845474756,1,Loud Environment
2025-01-01 04:47:00,66.57484971107993,1,Screen Time
2025-01-01 04:48:00,97.14475129747646,0,Social Interaction
2025-01-01 04:49:00,74.47121603993385,0,Loud Environment
2025-01-01 04:50:00,64.86191047324152,0,Loud Environment
2025-01-01 04:51:00,93.37907932720114,0,Screen Time
2025-01-01 04:52:00,108.34601031064759,0,Screen Time
2025-01-01 04:53:00,81.86750905814544,0,Loud Environment
2025-01-01 04:54:00,63.010893346791114,0,Quiet Rest
2025-01-01 04:55:00,79.70318968381338,0,Social Interaction
2025-01-01 04:56:00,87.7836171800466,0,Quiet Rest
2025-01-01 04:57:00,77.27690652410327,0,Quiet Rest
2025-01-01 04:58:00,52.73939687176543,0,Routine Change
2025-01-01 04:59:00,70.19988368928297,0,Screen Time
2025-01-01 05:00:00,92.11944541197983,0,Screen Time
2025-01-01 05:01:00,91.8097806344722,0,Social Interaction
2025-01-01 05:02:00,115.86706833913874,1,Screen Time
2025-01-01 05:03:00,56.70524173161604,0,Social Interaction
2025-01-01 05:04:00,78.69750691110632,1,Loud Environment
2025-01-01 05:05:00,77.8568880372445,0,Social Interaction
2025-01-01 05:06:00,84.68561354086867,0,Quiet Rest
2025-01-01 05:07:00,79.8522880455308,0,Screen Time
2025-01-01 05:08:00,88.98941404952853,0,Social Interaction
2025-01-01 05:09:00,78.19277920184058,0,Loud Environment
2025-01-01 05:10:00,69.54852358745791,0,Screen Time
2025-01-01 05:11:00,101.55387184138621,0,Screen Time
2025-01-01 05:12:00,97.56593100288138,0,Routine Change
2025-01-01 05:13:00,72.65527495965728,0,Loud Environment
2025-01-01 05:14:00,78.25966944048177,0,Loud Environment
2025-01-01 05:15:00,74.46763367324851,0,Quiet Rest
2025-01-01 05:16:00,84.79905980213789,0,Loud Environment
2025-01-01 05:17:00,69.20691683425792,0,Routine Change
2025-01-01 05:18:00,68.35977979408402,0,Routine Change
2025-01-01 05:19:00,69.81008687485773,0,Loud Environment
2025-01-01 05:20:00,77.4922104990428,0,Routine Change
2025-01-01 05:21:00,81.38935293123137,0,Social Interaction
2025-01-01 05:22:00,89.73051423611223,0,Routine Change
2025-01-01 05:23:00,108.09711059615537,0,Screen Time
2025-01-01 05:24:00,100.98030382221634,0,Routine Change
2025-01-01 05:25:00,89.76365876496071,1,Loud Environment
2025-01-01 05:26:00,75.31399994383042,0,Loud Environment
2025-01-01 05:27:00,105.84272631265995,0,Social Interaction
2025-01-01 05:28:00,86.04687761709198,0,Routine Change
2025-01-01 05:29:00,82.63169714584106,1,Screen Time
2025-01-01 05:30:00,109.23991495545967,0,Social Interaction
2025-01-01 05:31:00,86.82377356588634,0,Quiet Rest
2025-01-01 05:32:00,106.98971185208401,0,Routine Change
2025-01-01 05:33:00,83.04908446437169,1,Loud Environment
2025-01-01 05:34:00,88.91775930660515,0,Loud Environment
2025-01-01 05:35:00,74.04498313937862,0,Social Interaction
2025-01-01 05:36:00,97.64830686565175,0,Routine Change
2025-01-01 05:37:00,81.28263795111447,0,Routine Change
2025-01-01 05:38:00,76.87229973128447,0,Loud Environment
2025-01-01 05:39:00,68.86774134561576,0,Social Interaction
2025-01-01 05:40:00,85.07939819520583,0,Social Interaction
2025-01-01 05:41:00,100.72368794232065,0,Social Interaction
2025-01-01 05:42:00,71.08293694046918,0,Loud Environment
2025-01-01 05:43:00,68.57538381036039,0,Routine Change
2025-01-01 05:44:00,85.90998369746127,0,Routine Change
2025-01-01 05:45:00,110.90574606145947,0,Social Interaction
2025-01-01 05:46:00,79.16629828528968,0,Routine Change
2025-01-01 05:47:00,76.70532685489935,1,Social Interaction
2025-01-01 05:48:00,77.41169364171176,0,Loud Environment
2025-01-01 05:49:00,60.672427999005166,0,Social Interaction
2025-01-01 05:50:00,88.44937472247162,0,Loud Environment
2025-01-01 05:51:00,86.6376739475708,0,Social Interaction
2025-01-01 05:52:00,71.20389840635131,0,Social Interaction
2025-01-01 05:53:00,87.44614410965403,0,Routine Change
2025-01-01 05:54:00,52.90250415665274,0,Loud Environment
2025-01-01 05:55:00,92.80856396145823,0,Screen Time
2025-01-01 05:56:00,84.18470854094028,0,Quiet Rest
2025-01-01 05:57:00,76.08148573521412,0,Social Interaction
2025-01-01 05:58:00,89.48506133040415,0,Loud Environment
2025-01-01 05:59:00,82.87325508437306,0,Social Interaction
2025-01-01 06:00:00,71.25823604344049,0,Social Interaction
2025-01-01 06:01:00,78.70945133796413,1,Social Interaction
2025-01-01 06:02:00,104.51479036740915,0,Social Interaction
2025-01-01 06:03:00,58.377454361340696,1,Screen Time
2025-01-01 06:04:00,78.3736648093945,0,Social Interaction
2025-01-01 06:05:00,79.07261725876381,0,Quiet Rest
2025-01-01 06:06:00,69.01316784078466,0,Quiet Rest
2025-01-01 06:07:00,82.61809857869598,0,Social Interaction
2025-01-01 06:08:00,62.854116905085355,0,Routine Change
2025-01-01 06:09:00,63.90328228289144,0,Loud Environment
2025-01-01 06:10:00,64.41415939021265,0,Loud Environment
2025-01-01 06:11:00,81.88157376040509,0,Quiet Rest
2025-01-01 06:12:00,92.90665651968817,0,Routine Change
2025-01-01 06:13:00,98.26803909287891,0,Screen Time
2025-01-01 06:14:00,84.33711342909704,0,Social Interaction
2025-01-01 06:15:00,104.92191248062842,0,Routine Change
2025-01-01 06:16:00,71.361800003344,0,Quiet Rest
2025-01-01 06:17:00,82.42098897616013,0,Routine Change
2025-01-01 06:18:00,86.86140169777306,1,Quiet Rest
2025-01-01 06:19:00,84.25043497239452,0,Social Interaction
2025-01-01 06:20:00,77.0209710375754,0,Routine Change
2025-01-01 06:21:00,79.34025100809465,0,Routine Change
2025-01-01 06:22:00,66.21504357769957,0,Loud Environment
2025-01-01 06:23:00,68.56377913969771,0,Loud Environment
2025-01-01 06:24:00,62.31252230147243,0,Screen Time
2025-01-01 06:25:00,87.27213915506144,0,Quiet Rest
2025-01-01 06:26:00,101.66719667100284,0,Screen Time
2025-01-01 06:27:00,109.89801175432761,0,Quiet Rest
2025-01-01 06:28:00,81.03186525144056,0,Routine Change
2025-01-01 06:29:00,55.96156576076698,0,Social Interaction
2025-01-01 06:30:00,84.55949136417303,0,Social Interaction
2025-01-01 06:31:00,78.77033519935806,1,Loud Environment
2025-01-01 06:32:00,81.99978834107044,1,Loud Environment
2025-01-01 06:33:00,90.89510873145741,0,Routine Change
2025-01-01 06:34:00,73.11164582211359,0,Social Interaction
2025-01-01 06:35:00,73.61948477431775,1,Screen Time
2025-01-01 06:36:00,104.5949406346477,0,Screen Time
2025-01-01 06:37:00,99.66261766201995,0,Routine Change
2025-01-01 06:38:00,80.28155843801832,0,Quiet Rest
2025-01-01 06:39:00,86.65480688191413,0,Screen Time
2025-01-01 06:40:00,61.44557039569203,0,Routine Change
2025-01-01 06:41:00,78.27623888588404,0,Loud Environment
2025-01-01 06:42:00,78.64715298136575,1,Routine Change
2025-01-01 06:43:00,101.01497886610612,0,Social Interaction
2025-01-01 06:44:00,69.88824422848874,0,Quiet Rest
2025-01-01 06:45:00,81.98301459959092,0,Loud Environment
2025-01-01 06:46:00,83.77517422932972,0,Quiet Rest
2025-01-01 06:47:00,75.51169788024654,0,Routine Change
2025-01-01 06:48:00,95.76370131804715,0,Routine Change
2025-01-01 06:49:00,75.3337933362999,0,Social Interaction
2025-01-01 06:50:00,41.132216544668246,1,Screen Time
2025-01-01 06:51:00,82.81554365716416,0,Screen Time
2025-01-01 06:52:00,113.74393509408077,0,Screen Time
2025-01-01 06:53:00,78.32474343103704,0,Screen Time
2025-01-01 06:54:00,60.47295916341362,0,Screen Time
2025-01-01 06:55:00,95.99307351823776,0,Routine Change
2025-01-01 06:56:00,67.99784242646122,1,Screen Time
2025-01-01 06:57:00,95.14405635819334,0,Routine Change
2025-01-01 06:58:00,74.48385009320171,0,Screen Time
2025-01-01 06:59:00,79.04431838712108,0,Social Interaction
2025-01-01 07:00:00,111.31873447360809,0,Social Interaction
2025-01-01 07:01:00,85.62679437744961,0,Routine Change
2025-01-01 07:02:00,87.025342845732,0,Quiet Rest
2025-01-01 07:03:00,92.79642809204246,0,Social Interaction
2025-01-01 07:04:00,78.03907144421684,0,Screen Time
2025-01-01 07:05:00,76.24975067937845,0,Screen Time
2025-01-01 07:06:00,119.8634022014935,0,Screen Time
2025-01-01 07:07:00,86.40912977525903,0,Quiet Rest
2025-01-01 07:08:00,95.44722150913282,1,Loud Environment
2025-01-01 07:09:00,54.385632393736316,0,Routine Change
2025-01-01 07:10:00,81.14611851200628,0,Loud Environment
2025-01-01 07:11:00,57.895633290202724,0,Screen Time
2025-01-01 07:12:00,71.31826762071651,0,Screen Time
2025-01-01 07:13:00,104.24723467739554,0,Routine Change
2025-01-01 07:14:00,87.92321905194926,1,Social Interaction
2025-01-01 07:15:00,42.006107797647594,0,Screen Time
2025-01-01 07:16:00,107.30166206580282,0,Social Interaction
2025-01-01 07:17:00,92.74135438080141,1,Screen Time
2025-01-01 07:18:00,84.49162210526528,0,Social Interaction
2025-01-01 07:19:00,101.07873042405116,0,Quiet Rest
2025-01-01 07:20:00,92.02567637550175,0,Quiet Rest
2025-01-01 07:21:00,92.25180455123548,0,Social Interaction
2025-01-01 07:22:00,93.0096566600881,0,Screen Time
2025-01-01 07:23:00,63.1973321678645,0,Loud Environment
2025-01-01 07:24:00,117.99797331222976,0,Social Interaction
2025-01-01 07:25:00,89.14375424619956,0,Screen Time
2025-01-01 07:26:00,78.51046430179119,0,Loud Environment
2025-01-01 07:27:00,59.1104471005454,0,Loud Environment
2025-01-01 07:28:00,81.28979580624416,0,Screen Time
2025-01-01 07:29:00,81.17869847141432,0,Quiet Rest
2025-01-01 07:30:00,87.95853052815683,0,Routine Change
2025-01-01 07:31:00,90.61517494713847,0,Screen Time
2025-01-01 07:32:00,54.1102492972041,0,Screen Time
2025-01-01 07:33:00,77.8248620859913,0,Loud Environment
2025-01-01 07:34:00,72.58464752739462,0,Quiet Rest
2025-01-01 07:35:00,58.71022160357381,0,Loud Environment
2025-01-01 07:36:00,94.8168201411519,0,Social Interaction
2025-01-01 07:37:00,87.43643930634457,0,Social Interaction
2025-01-01 07:38:00,52.37586694334211,0,Screen Time
2025-01-01 07:39:00,52.4831433122755,0,Screen Time
2025-01-01 07:40:00,96.95539196280521,0,Loud Environment
2025-01-01 07:41:00,90.38845236880951,0,Social Interaction
2025-01-01 07:42:00,65.60604128020941,0,Loud Environment
2025-01-01 07:43:00,63.45062882122018,0,Quiet Rest
2025-01-01 07:44:00,61.085709375576016,0,Quiet Rest
2025-01-01 07:45:00,92.43668106314452,0,Routine Change
2025-01-01 07:46:00,85.95986224936519,0,Loud Environment
2025-01-01 07:47:00,47.25993596694539,0,Social Interaction
2025-01-01 07:48:00,81.79214859091054,0,Social Interaction
2025-01-01 07:49:00,76.81230514781686,0,Social Interaction
2025-01-01 07:50:00,76.45078892333092,0,Routine Change
2025-01-01 07:51:00,69.08869154334465,0,Screen Time
2025-01-01 07:52:00,81.07329039354022,0,Screen Time
2025-01-01 07:53:00,74.88581982030865,0,Loud Environment
2025-01-01 07:54:00,85.57360059733605,0,Quiet Rest
2025-01-01 07:55:00,91.37729117255812,0,Social Interaction
2025-01-01 07:56:00,86.78586752000156,0,Routine Change
2025-01-01 07:57:00,102.07697500874508,0,Screen Time
2025-01-01 07:58:00,77.71253298783422,1,Routine Change
2025-01-01 07:59:00,77.98463728614757,0,Loud Environment
2025-01-01 08:00:00,75.05927352533836,0,Social Interaction
2025-01-01 08:01:00,71.1507686611966,0,Screen Time
2025-01-01 08:02:00,47.835872629696254,1,Quiet Rest
2025-01-01 08:03:00,108.1940467578647,0,Routine Change
2025-01-01 08:04:00,57.28689936929859,0,Social Interaction
2025-01-01 08:05:00,98.2674371711292,0,Screen Time
2025-01-01 08:06:00,71.46385509382277,0,Loud Environment
2025-01-01 08:07:00,95.03466052213511,0,Screen Time
2025-01-01 08:08:00,52.07596095251654,0,Quiet Rest
2025-01-01 08:09:00,100.34211969261692,0,Screen Time
2025-01-01 08:10:00,72.16641067413173,1,Quiet Rest
2025-01-01 08:11:00,61.47736661221042,0,Social Interaction
2025-01-01 08:12:00,83.11924187902592,1,Loud Environment
2025-01-01 08:13:00,90.32209212059784,0,Social Interaction
2025-01-01 08:14:00,80.07424182782212,0,Quiet Rest
2025-01-01 08:15:00,99.4057712776933,0,Routine Change
2025-01-01 08:16:00,118.95503495291752,0,Loud Environment
2025-01-01 08:17:00,76.31973017004135,1,Screen Time
2025-01-01 08:18:00,106.2423688934347,0,Routine Change
2025-01-01 08:19:00,77.25550677009835,0,Loud Environment
2025-01-01 08:20:00,73.32493753564736,0,Routine Change
2025-01-01 08:21:00,73.38784852444395,0,Loud Environment
2025-01-01 08:22:00,98.27700525205017,1,Routine Change
2025-01-01 08:23:00,94.04168261202346,0,Loud Environment
2025-01-01 08:24:00,63.118896981718706,0,Routine Change
2025-01-01 08:25:00,63.01024183729437,0,Routine Change
2025-01-01 08:26:00,106.40170651840936,0,Routine Change
2025-01-01 08:27:00,77.1402088672256,0,Social Interaction
2025-01-01 08:28:00,76.44938234244749,0,Quiet Rest
2025-01-01 08:29:00,83.11423099269753,0,Loud Environment
2025-01-01 08:30:00,91.7169686850369,1,Loud Environment
2025-01-01 08:31:00,98.1352267469999,0,Social Interaction
2025-01-01 08:32:00,51.89138014624093,0,Quiet Rest
2025-01-01 08:33:00,79.16680449209538,0,Screen Time
2025-01-01 08:34:00,100.56256233971024,0,Social Interaction
2025-01-01 08:35:00,59.65014662814144,0,Routine Change
2025-01-01 08:36:00,78.91083264241517,0,Quiet Rest
2025-01-01 08:37:00,62.65125667471146,0,Routine Change
2025-01-01 08:38:00,88.7880998464931,0,Loud Environment
2025-01-01 08:39:00,103.92183992275247,0,Social Interaction
2025-01-01 08:40:00,51.39863046275674,0,Loud Environment
2025-01-01 08:41:00,77.85044779159975,0,Loud Environment
2025-01-01 08:42:00,90.46176477246944,0,Routine Change
2025-01-01 08:43:00,107.78718675145394,0,Social Interaction
2025-01-01 08:44:00,76.62046056061922,0,Quiet Rest
2025-01-01 08:45:00,85.52263771589948,0,Quiet Rest
2025-01-01 08:46:00,62.39890618411191,0,Social Interaction
2025-01-01 08:47:00,81.48149321576727,0,Quiet Rest
2025-01-01 08:48:00,72.42130654455644,0,Social Interaction
2025-01-01 08:49:00,89.57390525741613,1,Social Interaction
2025-01-01 08:50:00,88.40213820276318,0,Quiet Rest
2025-01-01 08:51:00,67.36343061961496,0,Routine Change
2025-01-01 08:52:00,94.74927612328663,1,Screen Time
2025-01-01 08:53:00,79.41833936030456,0,Quiet Rest
2025-01-01 08:54:00,70.62417682515354,0,Screen Time
2025-01-01 08:55:00,105.13582977289332,0,Loud Environment
2025-01-01 08:56:00,80.01394527497703,1,Loud Environment
2025-01-01 08:57:00,71.6913635469048,0,Social Interaction
2025-01-01 08:58:00,70.38669655992526,0,Quiet Rest
2025-01-01 08:59:00,94.041314946839,0,Quiet Rest
2025-01-01 09:00:00,64.55077700034886,0,Quiet Rest
2025-01-01 09:01:00,60.054567749861675,0,Loud Environment
2025-01-01 09:02:00,89.33958982167124,0,Routine Change
2025-01-01 09:03:00,74.05920771383111,1,Loud Environment
2025-01-01 09:04:00,84.32334116760461,0,Social Interaction
2025-01-01 09:05:00,86.37761044041495,0,Social Interaction
2025-01-01 09:06:00,94.82649708303867,0,Loud Environment
2025-01-01 09:07:00,92.71982930578764,1,Routine Change
2025-01-01 09:08:00,95.6625890075161,1,Quiet Rest
2025-01-01 09:09:00,86.04244028732509,0,Social Interaction
2025-01-01 09:10:00,85.02785643337114,0,Social Interaction
2025-01-01 09:11:00,70.79614685437886,0,Loud Environment
2025-01-01 09:12:00,71.29016625808478,0,Social Interaction
2025-01-01 09:13:00,70.83710768250955,0,Screen Time
2025-01-01 09:14:00,59.903329467988215,0,Loud Environment
2025-01-01 09:15:00,88.29509942424964,0,Quiet Rest
2025-01-01 09:16:00,87.19628348160661,0,Routine Change
2025-01-01 09:17:00,73.31586946270819,0,Routine Change
2025-01-01 09:18:00,98.06227989514157,0,Routine Change
2025-01-01 09:19:00,75.3761532280613,0,Loud Environment
2025-01-01 09:20:00,87.18913894086067,0,Social Interaction
2025-01-01 09:21:00,56.377432028607515,1,Social Interaction
2025-01-01 09:22:00,86.01798573925207,0,Social Interaction
2025-01-01 09:23:00,102.76965595862667,0,Routine Change
2025-01-01 09:24:00,67.32866401049077,0,Screen Time
2025-01-01 09:25:00,110.21644778655195,0,Routine Change
2025-01-01 09:26:00,87.09473486814865,0,Loud Environment
2025-01-01 09:27:00,72.86119553130173,0,Social Interaction
2025-01-01 09:28:00,50.13640272921053,0,Screen Time
2025-01-01 09:29:00,90.46433145043159,0,Quiet Rest
2025-01-01 09:30:00,106.63976888647142,0,Routine Change
2025-01-01 09:31:00,71.50174855816417,0,Social Interaction
2025-01-01 09:32:00,65.27262494404592,0,Loud Environment
2025-01-01 09:33:00,85.28978622317477,0,Quiet Rest
2025-01-01 09:34:00,111.30503130874149,0,Loud Environment
2025-01-01 09:35:00,65.19377907133205,0,Screen Time
2025-01-01 09:36:00,84.10302570528171,0,Social Interaction
2025-01-01 09:37:00,105.57841321070799,0,Routine Change
2025-01-01 09:38:00,96.32422009698566,0,Quiet Rest
2025-01-01 09:39:00,96.59522977174777,1,Screen Time
2025-01-01 09:40:00,80.52270633212538,0,Routine Change
2025-01-01 09:41:00,80.99505868914031,1,Screen Time
2025-01-01 09:42:00,91.32317120923118,0,Screen Time
2025-01-01 09:43:00,97.2045642092807,0,Screen Time
2025-01-01 09:44:00,83.91504213580961,0,Loud Environment
2025-01-01 09:45:00,84.49316012303376,0,Social Interaction
2025-01-01 09:46:00,82.35505022643052,0,Social Interaction
2025-01-01 09:47:00,79.11991636054678,0,Loud Environment
2025-01-01 09:48:00,84.25894548143357,0,Social Interaction
2025-01-01 09:49:00,83.91447719340822,0,Quiet Rest
2025-01-01 09:50:00,95.22920856771142,0,Routine Change
2025-01-01 09:51:00,86.08211397645078,0,Routine Change
2025-01-01 09:52:00,92.54756669426804,0,Loud Environment
2025-01-01 09:53:00,77.56341331654497,0,Screen Time
2025-01-01 09:54:00,58.73799017809493,0,Screen Time
2025-01-01 09:55:00,80.97760270539924,0,Social Interaction
2025-01-01 09:56:00,78.74280901448957,0,Quiet Rest
2025-01-01 09:57:00,81.56253193409613,0,Quiet Rest
2025-01-01 09:58:00,80.16211077697355,0,Social Interaction
2025-01-01 09:59:00,73.98624101423104,0,Loud Environment
2025-01-01 10:00:00,82.67231979879719,0,Screen Time
2025-01-01 10:01:00,76.83484005224257,0,Routine Change
2025-01-01 10:02:00,77.3467419363393,1,Social Interaction
2025-01-01 10:03:00,95.41831428517438,0,Social Interaction
2025-01-01 10:04:00,62.6178571568747,0,Quiet Rest
2025-01-01 10:05:00,81.69376650825181,0,Social Interaction
2025-01-01 10:06:00,98.14665782986819,0,Routine Change
2025-01-01 10:07:00,67.89455171985232,0,Quiet Rest
2025-01-01 10:08:00,42.78027023253399,0,Loud Environment
2025-01-01 10:09:00,67.63914890552468,0,Quiet Rest
2025-01-01 10:10:00,89.03269383145187,0,Loud Environment
2025-01-01 10:11:00,92.4501938193276,0,Quiet Rest
2025-01-01 10:12:00,80.29564939935601,0,Screen Time
2025-01-01 10:13:00,93.911808113902,0,Loud Environment
2025-01-01 10:14:00,57.81503341960503,0,Loud Environment
2025-01-01 10:15:00,70.78605627262652,0,Loud Environment
2025-01-01 10:16:00,109.23621632434795,0,Social Interaction
2025-01-01 10:17:00,84.02827770425694,0,Screen Time
2025-01-01 10:18:00,103.21028851208432,1,Screen Time
2025-01-01 10:19:00,55.264561737291714,0,Routine Change
2025-01-01 10:20:00,71.19898110676878,0,Routine Change
2025-01-01 10:21:00,73.15756993017423,1,Quiet Rest
2025-01-01 10:22:00,74.92195628013164,0,Loud Environment
2025-01-01 10:23:00,51.666166855434284,0,Routine Change
2025-01-01 10:24:00,46.34217050212179,1,Social Interaction
2025-01-01 10:25:00,81.32815243103649,0,Routine Change
2025-01-01 10:26:00,40.0,0,Social Interaction
2025-01-01 10:27:00,72.13133332978254,1,Loud Environment
2025-01-01 10:28:00,77.58426192999235,0,Social Interaction
2025-01-01 10:29:00,83.96468217962581,0,Routine Change
2025-01-01 10:30:00,80.92520130062422,0,Quiet Rest
2025-01-01 10:31:00,111.62668803674867,0,Quiet Rest
2025-01-01 10:32:00,78.43559947039478,0,Social Interaction
2025-01-01 10:33:00,82.20708894230016,1,Screen Time
2025-01-01 10:34:00,86.95826009100593,0,Screen Time
2025-01-01 10:35:00,88.57817812255952,0,Loud Environment
2025-01-01 10:36:00,72.37470112538684,0,Routine Change
2025-01-01 10:37:00,89.90691851911112,1,Social Interaction
2025-01-01 10:38:00,69.20260151241422,1,Quiet Rest
2025-01-01 10:39:00,77.84068989972911,0,Screen Time
2025-01-01 10:40:00,63.971596393023816,0,Screen Time
2025-01-01 10:41:00,54.91771067663226,0,Loud Environment
2025-01-01 10:42:00,59.80237104228944,0,Routine Change
2025-01-01 10:43:00,78.41602913333148,0,Social Interaction
2025-01-01 10:44:00,86.83707656966817,0,Routine Change
2025-01-01 10:45:00,57.311791888699354,0,Screen Time
2025-01-01 10:46:00,58.301110718193954,0,Quiet Rest
2025-01-01 10:47:00,107.01648858886449,0,Loud Environment
2025-01-01 10:48:00,73.2247547261143,1,Social Interaction
2025-01-01 10:49:00,76.1803176569946,0,Social Interaction
2025-01-01 10:50:00,93.2223551258624,1,Loud Environment
2025-01-01 10:51:00,81.6614846704734,0,Social Interaction
2025-01-01 10:52:00,90.89451698310714,0,Screen Time
2025-01-01 10:53:00,51.93023998895383,0,Routine Change
2025-01-01 10:54:00,65.63635149506287,0,Screen Time
2025-01-01 10:55:00,75.58264463233195,0,Loud Environment
2025-01-01 10:56:00,99.54702193982871,0,Screen Time
2025-01-01 10:57:00,87.31426781045188,0,Routine Change
2025-01-01 10:58:00,99.5564778694523,0,Social Interaction
2025-01-01 10:59:00,79.94474139582452,0,Loud Environment
2025-01-01 11:00:00,77.26927934659977,0,Quiet Rest
2025-01-01 11:01:00,69.26974945046192,0,Quiet Rest
2025-01-01 11:02:00,67.44288811509497,0,Social Interaction
2025-01-01 11:03:00,61.80950095703901,0,Routine Change
2025-01-01 11:04:00,77.64882774512486,1,Quiet Rest
2025-01-01 11:05:00,103.71242602266899,0,Loud Environment
2025-01-01 11:06:00,67.90414889166993,0,Loud Environment
2025-01-01 11:07:00,60.748143181628315,1,Social Interaction
2025-01-01 11:08:00,76.63068999065023,0,Social Interaction
2025-01-01 11:09:00,88.64958910840849,1,Loud Environment
2025-01-01 11:10:00,95.28930515032619,0,Screen Time
2025-01-01 11:11:00,95.29883883093692,0,Screen Time
2025-01-01 11:12:00,48.112916311542506,0,Social Interaction
2025-01-01 11:13:00,77.745312525594,0,Routine Change
2025-01-01 11:14:00,103.21283971525254,1,Quiet Rest
2025-01-01 11:15:00,89.12697533849833,0,Social Interaction
2025-01-01 11:16:00,54.00842286068368,0,Social Interaction
2025-01-01 11:17:00,76.91183244590553,0,Quiet Rest
2025-01-01 11:18:00,72.2905242963337,0,Routine Change
2025-01-01 11:19:00,90.83805502889689,0,Routine Change
2025-01-01 11:20:00,89.9971031455199,0,Quiet Rest
2025-01-01 11:21:00,73.30967164802249,0,Loud Environment
2025-01-01 11:22:00,90.72606880487125,1,Quiet Rest
2025-01-01 11:23:00,69.73718259378425,0,Quiet Rest
2025-01-01 11:24:00,85.4687248784692,0,Screen Time
2025-01-01 11:25:00,105.37558913902595,0,Routine Change
2025-01-01 11:26:00,65.28602918710268,0,Quiet Rest
2025-01-01 11:27:00,80.86659033825312,0,Social Interaction
2025-01-01 11:28:00,74.78275158993854,0,Loud Environment
2025-01-01 11:29:00,69.11309738028196,1,Social Interaction
2025-01-01 11:30:00,64.3609568792134,0,Routine Change
2025-01-01 11:31:00,63.36883401820492,0,Routine Change
2025-01-01 11:32:00,87.88603775373272,0,Loud Environment
2025-01-01 11:33:00,69.25379305018711,0,Screen Time
2025-01-01 11:34:00,82.39934334311387,0,Social Interaction
2025-01-01 11:35:00,69.34126040267792,1,Quiet Rest
2025-01-01 11:36:00,72.46778842157568,0,Social Interaction
2025-01-01 11:37:00,69.11867312689733,0,Loud Environment
2025-01-01 11:38:00,72.40915075942443,0,Screen Time
2025-01-01 11:39:00,57.632160583293604,0,Screen Time
2025-01-01 11:40:00,59.036888257261346,0,Loud Environment
2025-01-01 11:41:00,78.0478658785302,0,Social Interaction
2025-01-01 11:42:00,71.9647590081547,0,Routine Change
2025-01-01 11:43:00,70.8025376252906,0,Routine Change
2025-01-01 11:44:00,75.68603870096226,0,Screen Time
2025-01-01 11:45:00,77.57032637592982,0,Quiet Rest
2025-01-01 11:46:00,80.61942618205107,0,Social Interaction
2025-01-01 11:47:00,69.70830849861258,0,Social Interaction
2025-01-01 11:48:00,44.081881152338184,0,Loud Environment
2025-01-01 11:49:00,95.64498675913354,0,Loud Environment
2025-01-01 11:50:00,85.54995381857583,1,Screen Time
2025-01-01 11:51:00,81.1500194683414,0,Loud Environment
2025-01-01 11:52:00,60.5872098652536,0,Quiet Rest
2025-01-01 11:53:00,108.23025835527261,0,Screen Time
2025-01-01 11:54:00,52.84618529967243,0,Screen Time
2025-01-01 11:55:00,85.65835936196314,0,Quiet Rest
2025-01-01 11:56:00,96.37789938440093,0,Routine Change
2025-01-01 11:57:00,66.15469996934092,0,Routine Change
2025-01-01 11:58:00,90.72448927338266,0,Social Interaction
2025-01-01 11:59:00,75.65400928915106,1,Screen Time
2025-01-01 12:00:00,105.3529302674992,0,Quiet Rest
2025-01-01 12:01:00,99.52580213394039,0,Routine Change
2025-01-01 12:02:00,68.62924644388283,0,Social Interaction
2025-01-01 12:03:00,84.25549204817358,1,Quiet Rest
2025-01-01 12:04:00,76.48212295180652,0,Routine Change
2025-01-01 12:05:00,90.72565065199562,0,Loud Environment
2025-01-01 12:06:00,89.05588458204782,0,Screen Time
2025-01-01 12:07:00,102.21693164877199,0,Social Interaction
2025-01-01 12:08:00,52.88059328378644,0,Social Interaction
2025-01-01 12:09:00,72.41622526794598,0,Quiet Rest
2025-01-01 12:10:00,84.1157588057359,0,Quiet Rest
2025-01-01 12:11:00,74.14125158323645,0,Routine Change
2025-01-01 12:12:00,96.97449298246458,0,Social Interaction
2025-01-01 12:13:00,94.96678157664411,1,Social Interaction
2025-01-01 12:14:00,65.75166167325602,0,Screen Time
2025-01-01 12:15:00,60.11600869709319,0,Quiet Rest
2025-01-01 12:16:00,83.07119053639954,0,Screen Time
2025-01-01 12:17:00,59.82265351935585,0,Social Interaction
2025-01-01 12:18:00,76.42016438041813,0,Social Interaction
2025-01-01 12:19:00,92.1170494672265,0,Social Interaction
2025-01-01 12:20:00,89.82503458109987,0,Social Interaction
2025-01-01 12:21:00,82.2989080176104,0,Loud Environment
2025-01-01 12:22:00,91.07700787538684,0,Routine Change
2025-01-01 12:23:00,71.4382162059567,1,Social Interaction
2025-01-01 12:24:00,100.2161052516638,0,Screen Time
2025-01-01 12:25:00,79.50781177787601,0,Social Interaction
2025-01-01 12:26:00,86.88557539012983,1,Loud Environment
2025-01-01 12:27:00,88.44958349362986,1,Routine Change
2025-01-01 12:28:00,92.262483926991,0,Screen Time
2025-01-01 12:29:00,85.94740462001471,0,Screen Time
2025-01-01 12:30:00,81.30665614018251,0,Loud Environment
2025-01-01 12:31:00,64.31766115062197,0,Loud Environment
2025-01-01 12:32:00,80.3770292148585,0,Social Interaction
2025-01-01 12:33:00,85.63845900895693,0,Routine Change
2025-01-01 12:34:00,79.18347836589814,0,Loud Environment
2025-01-01 12:35:00,103.09657684321883,1,Social Interaction
2025-01-01 12:36:00,98.54546882815062,1,Social Interaction
2025-01-01 12:37:00,89.82167447540486,0,Loud Environment
2025-01-01 12:38:00,83.10750583783671,1,Social Interaction
2025-01-01 12:39:00,81.05685333181738,0,Quiet Rest
2025-01-01 12:40:00,99.52084450469222,0,Loud Environment
2025-01-01 12:41:00,61.15321525812905,0,Routine Change
2025-01-01 12:42:00,70.24197459623302,0,Social Interaction
2025-01-01 12:43:00,90.7792120551763,1,Routine Change
2025-01-01 12:44:00,80.84297732635147,0,Routine Change
2025-01-01 12:45:00,77.05396572386083,1,Social Interaction
2025-01-01 12:46:00,71.62079049340765,1,Screen Time
2025-01-01 12:47:00,80.58546635390626,0,Social Interaction
2025-01-01 12:48:00,82.33841437578121,1,Social Interaction
2025-01-01 12:49:00,63.32189880642082,0,Screen Time
2025-01-01 12:50:00,74.93779324508691,0,Screen Time
2025-01-01 12:51:00,104.4140175079436,0,Screen Time
2025-01-01 12:52:00,84.0138565584122,0,Quiet Rest
2025-01-01 12:53:00,79.52309806159546,0,Loud Environment
2025-01-01 12:54:00,82.03000846075804,0,Quiet Rest
2025-01-01 12:55:00,84.34985941133507,0,Routine Change
2025-01-01 12:56:00,56.9172831568008,0,Screen Time
2025-01-01 12:57:00,86.30900822762791,0,Loud Environment
2025-01-01 12:58:00,78.50371446130212,0,Screen Time
2025-01-01 12:59:00,100.40438496060901,0,Social Interaction
2025-01-01 13:00:00,47.57158519050859,0,Routine Change
2025-01-01 13:01:00,59.40917222850102,1,Social Interaction
2025-01-01 13:02:00,86.60990195226526,0,Quiet Rest
2025-01-01 13:03:00,74.47147876657074,0,Routine Change
2025-01-01 13:04:00,91.15062436746325,0,Quiet Rest
2025-01-01 13:05:00,92.78115348126639,0,Routine Change
2025-01-01 13:06:00,67.89337820678246,0,Social Interaction
2025-01-01 13:07:00,79.93674327991152,0,Quiet Rest
2025-01-01 13:08:00,59.10821911760979,0,Routine Change
2025-01-01 13:09:00,63.75065972872636,1,Routine Change
2025-01-01 13:10:00,127.0075980490716,0,Routine Change
2025-01-01 13:11:00,75.2257536668687,0,Routine Change
2025-01-01 13:12:00,70.77424833844324,0,Social Interaction
2025-01-01 13:13:00,96.39562235921673,0,Screen Time
2025-01-01 13:14:00,101.11312906003779,0,Routine Change
2025-01-01 13:15:00,83.90445801181788,0,Social Interaction
2025-01-01 13:16:00,93.2349491036322,0,Routine Change
2025-01-01 13:17:00,97.85624838768953,0,Loud Environment
2025-01-01 13:18:00,76.02831448827806,1,Loud Environment
2025-01-01 13:19:00,83.60223291736644,1,Screen Time
2025-01-01 13:20:00,65.84004972787417,0,Routine Change
2025-01-01 13:21:00,72.64053103526031,0,Quiet Rest
2025-01-01 13:22:00,81.84822362654417,0,Quiet Rest
2025-01-01 13:23:00,91.71482514389936,0,Routine Change
2025-01-01 13:24:00,94.78808339352521,0,Quiet Rest
2025-01-01 13:25:00,84.78163911600848,0,Routine Change
2025-01-01 13:26:00,79.03475165511142,0,Quiet Rest
2025-01-01 13:27:00,92.22158745037221,0,Screen Time
2025-01-01 13:28:00,62.240257534581154,0,Screen Time
2025-01-01 13:29:00,59.31597916135718,0,Social Interaction
2025-01-01 13:30:00,81.42476398687025,0,Social Interaction
2025-01-01 13:31:00,63.878325025249694,0,Routine Change
2025-01-01 13:32:00,53.05390247226856,1,Quiet Rest
2025-01-01 13:33:00,74.56829739116048,0,Quiet Rest
2025-01-01 13:34:00,91.94747498540349,0,Screen Time
2025-01-01 13:35:00,66.96769656157576,0,Loud Environment
2025-01-01 13:36:00,87.12833577900832,0,Loud Environment
2025-01-01 13:37:00,70.61135776106902,0,Screen Time
2025-01-01 13:38:00,85.84314430634075,0,Loud Environment
2025-01-01 13:39:00,70.5979183809713,0,Quiet Rest
2025-01-01 13:40:00,61.606922274945376,0,Screen Time
2025-01-01 13:41:00,102.21559322039542,0,Quiet Rest
2025-01-01 13:42:00,77.38192143124485,0,Screen Time
2025-01-01 13:43:00,66.8816114688957,0,Social Interaction
2025-01-01 13:44:00,86.38816673736375,0,Social Interaction
2025-01-01 13:45:00,95.50894563022581,0,Loud Environment
2025-01-01 13:46:00,61.41241313357948,0,Loud Environment
2025-01-01 13:47:00,74.71717578085777,1,Routine Change
2025-01-01 13:48:00,86.05665833706941,0,Screen Time
2025-01-01 13:49:00,92.6105100768386,0,Quiet Rest
2025-01-01 13:50:00,57.19788377767097,1,Loud Environment
2025-01-01 13:51:00,96.75242735280244,0,Routine Change
2025-01-01 13:52:00,82.47590688541746,0,Quiet Rest
2025-01-01 13:53:00,73.44820039536864,0,Screen Time
2025-01-01 13:54:00,72.69557594374257,0,Screen Time
2025-01-01 13:55:00,61.98230641879212,0,Routine Change
2025-01-01 13:56:00,75.99845031454842,0,Loud Environment
2025-01-01 13:57:00,57.242329939706906,0,Routine Change
2025-01-01 13:58:00,84.36903196785272,0,Social Interaction
2025-01-01 13:59:00,98.6487634423516,1,Quiet Rest
2025-01-01 14:00:00,78.33924365893732,0,Loud Environment
2025-01-01 14:01:00,104.02834797370434,0,Loud Environment
2025-01-01 14:02:00,87.34725157888205,0,Quiet Rest
2025-01-01 14:03:00,67.4428805757246,0,Loud Environment
2025-01-01 14:04:00,52.88084655299785,1,Routine Change
2025-01-01 14:05:00,100.48666294767065,0,Social Interaction
2025-01-01 14:06:00,55.16242316857196,1,Social Interaction
2025-01-01 14:07:00,57.86579789244239,0,Routine Change
2025-01-01 14:08:00,68.98829528253779,0,Loud Environment
2025-01-01 14:09:00,86.84445198359946,0,Loud Environment
2025-01-01 14:10:00,95.56813615578024,0,Loud Environment
2025-01-01 14:11:00,70.22476055021578,0,Routine Change
2025-01-01 14:12:00,72.95661060950385,0,Loud Environment
2025-01-01 14:13:00,66.05353443700939,0,Routine Change
2025-01-01 14:14:00,98.02872732686734,0,Loud Environment
2025-01-01 14:15:00,68.92180111916208,0,Quiet Rest
2025-01-01 14:16:00,77.96365578301673,0,Routine Change
2025-01-01 14:17:00,68.61527809110011,0,Screen Time
2025-01-01 14:18:00,65.91392648402349,0,Quiet Rest
2025-01-01 14:19:00,113.11528319716084,0,Screen Time
2025-01-01 14:20:00,53.720908141185035,0,Social Interaction
2025-01-01 14:21:00,98.3299756402193,0,Screen Time
2025-01-01 14:22:00,77.06069632033089,1,Social Interaction
2025-01-01 14:23:00,58.18884986120088,0,Social Interaction
2025-01-01 14:24:00,106.97288152108706,0,Screen Time
2025-01-01 14:25:00,100.94309122829051,0,Quiet Rest
2025-01-01 14:26:00,81.80773729257284,0,Screen Time
2025-01-01 14:27:00,70.06233850827384,0,Loud Environment
2025-01-01 14:28:00,70.9188524746337,0,Routine Change
2025-01-01 14:29:00,72.24381208532672,0,Loud Environment
2025-01-01 14:30:00,91.33090890832874,1,Screen Time
2025-01-01 14:31:00,92.33580303648215,0,Screen Time
2025-01-01 14:32:00,82.67773948003301,1,Social Interaction
2025-01-01 14:33:00,93.84011755261032,1,Routine Change
2025-01-01 14:34:00,79.72659299524057,0,Loud Environment
2025-01-01 14:35:00,62.65355879039903,0,Routine Change
2025-01-01 14:36:00,87.18203765314546,0,Quiet Rest
2025-01-01 14:37:00,93.15768460961512,0,Quiet Rest
2025-01-01 14:38:00,76.23688330982932,0,Quiet Rest
2025-01-01 14:39:00,72.82053987791127,1,Social Interaction
2025-01-01 14:40:00,80.85143419773387,0,Loud Environment
2025-01-01 14:41:00,62.48012886313713,1,Quiet Rest
2025-01-01 14:42:00,78.9144429207829,0,Quiet Rest
2025-01-01 14:43:00,74.7978384284197,0,Routine Change
2025-01-01 14:44:00,77.79225886685454,0,Routine Change
2025-01-01 14:45:00,80.30277471032754,0,Quiet Rest
2025-01-01 14:46:00,55.476170418555,0,Quiet Rest
2025-01-01 14:47:00,93.16961505398142,0,Routine Change
2025-01-01 14:48:00,76.10138429192907,0,Screen Time
2025-01-01 14:49:00,101.23643489079831,0,Loud Environment
2025-01-01 14:50:00,60.699064838062256,1,Social Interaction
2025-01-01 14:51:00,84.25241255027069,0,Screen Time
2025-01-01 14:52:00,86.74304979759218,1,Social Interaction
2025-01-01 14:53:00,106.19681497776367,0,Quiet Rest
2025-01-01 14:54:00,75.95170921104982,0,Social Interaction
2025-01-01 14:55:00,93.99213792359143,1,Social Interaction
2025-01-01 14:56:00,75.01755812909408,0,Routine Change
2025-01-01 14:57:00,79.42870826293463,0,Social Interaction
2025-01-01 14:58:00,102.53028485048176,0,Routine Change
2025-01-01 14:59:00,81.3496143946533,0,Screen Time
2025-01-01 15:00:00,72.6826791918998,0,Loud Environment
2025-01-01 15:01:00,89.67668357127873,0,Quiet Rest
2025-01-01 15:02:00,65.09677569865522,0,Social Interaction
2025-01-01 15:03:00,83.51775394342019,1,Screen Time
2025-01-01 15:04:00,84.21801837565174,0,Loud Environment
2025-01-01 15:05:00,87.26773153385105,0,Routine Change
2025-01-01 15:06:00,77.4162187696185,0,Social Interaction
2025-01-01 15:07:00,66.09230724581461,1,Screen Time
2025-01-01 15:08:00,51.800358570267036,0,Routine Change
2025-01-01 15:09:00,85.12010841437046,1,Social Interaction
2025-01-01 15:10:00,72.31468495259648,0,Social Interaction
2025-01-01 15:11:00,85.11364654151318,0,Routine Change
2025-01-01 15:12:00,92.61838946447342,0,Screen Time
2025-01-01 15:13:00,69.63977732343932,0,Routine Change
2025-01-01 15:14:00,87.92284167469788,0,Social Interaction
2025-01-01 15:15:00,105.31304890128479,1,Loud Environment
2025-01-01 15:16:00,75.79256899401186,0,Routine Change
2025-01-01 15:17:00,67.6696739636033,0,Social Interaction
2025-01-01 15:18:00,93.66021581150964,0,Social Interaction
2025-01-01 15:19:00,89.83801510745546,0,Loud Environment
2025-01-01 15:20:00,72.23731054567538,0,Quiet Rest
2025-01-01 15:21:00,108.03207068136024,0,Screen Time
2025-01-01 15:22:00,90.54988865805356,0,Loud Environment
2025-01-01 15:23:00,55.38974367876931,0,Social Interaction
2025-01-01 15:24:00,86.49628088898388,0,Screen Time
2025-01-01 15:25:00,50.28016895552129,0,Loud Environment
2025-01-01 15:26:00,92.08850414527102,0,Social Interaction
2025-01-01 15:27:00,67.60650177986335,0,Quiet Rest
2025-01-01 15:28:00,83.18096887742314,0,Routine Change
2025-01-01 15:29:00,85.54519220466591,0,Screen Time
2025-01-01 15:30:00,77.4653277683548,0,Social Interaction
2025-01-01 15:31:00,86.43375219711766,0,Routine Change
2025-01-01 15:32:00,50.35161821648265,0,Social Interaction
2025-01-01 15:33:00,72.24979456903903,0,Routine Change
2025-01-01 15:34:00,46.25002932076663,1,Screen Time
2025-01-01 15:35:00,80.29213827201261,0,Social Interaction
2025-01-01 15:36:00,104.25664600000509,0,Social Interaction
2025-01-01 15:37:00,63.189267112552066,1,Loud Environment
2025-01-01 15:38:00,64.81487663231391,0,Quiet Rest
2025-01-01 15:39:00,74.11065742560699,0,Routine Change
2025-01-01 15:40:00,88.33803327300039,0,Social Interaction
2025-01-01 15:41:00,106.15244127674936,1,Social Interaction
2025-01-01 15:42:00,88.44435665616123,0,Social Interaction
2025-01-01 15:43:00,94.34002883450204,0,Quiet Rest
2025-01-01 15:44:00,80.6849059552426,0,Social Interaction
2025-01-01 15:45:00,81.63624828875926,0,Social Interaction
2025-01-01 15:46:00,74.4662188148686,0,Routine Change
2025-01-01 15:47:00,100.9262155630006,1,Loud Environment
2025-01-01 15:48:00,54.709808062978425,0,Loud Environment
2025-01-01 15:49:00,91.97905510715538,1,Loud Environment
2025-01-01 15:50:00,74.88208645300453,0,Routine Change
2025-01-01 15:51:00,71.76822868055645,0,Social Interaction
2025-01-01 15:52:00,58.589547749352164,0,Quiet Rest
2025-01-01 15:53:00,90.64239649859232,0,Routine Change
2025-01-01 15:54:00,90.70255323086913,0,Quiet Rest
2025-01-01 15:55:00,65.99885382258819,0,Screen Time
2025-01-01 15:56:00,67.96421046351679,0,Screen Time
2025-01-01 15:57:00,97.79788887041407,0,Routine Change
2025-01-01 15:58:00,72.6200118341176,1,Social Interaction
2025-01-01 15:59:00,78.3337787898359,0,Screen Time
2025-01-01 16:00:00,76.90466806213178,1,Loud Environment
2025-01-01 16:01:00,49.692490321577345,1,Quiet Rest
2025-01-01 16:02:00,70.90417269454163,0,Screen Time
2025-01-01 16:03:00,58.280838209132014,0,Screen Time
2025-01-01 16:04:00,110.47926262830009,0,Quiet Rest
2025-01-01 16:05:00,49.99515048376658,0,Routine Change
2025-01-01 16:06:00,76.1722710033815,0,Loud Environment
2025-01-01 16:07:00,111.2142705865542,0,Quiet Rest
2025-01-01 16:08:00,114.75333176464157,1,Social Interaction
2025-01-01 16:09:00,88.38593539436297,0,Routine Change
2025-01-01 16:10:00,61.33694483838618,0,Social Interaction
2025-01-01 16:11:00,78.30249120299787,0,Loud Environment
2025-01-01 16:12:00,56.950478402386395,0,Screen Time
2025-01-01 16:13:00,110.53197655800192,0,Routine Change
2025-01-01 16:14:00,85.42215715334054,1,Routine Change
2025-01-01 16:15:00,49.75927056812452,0,Screen Time
2025-01-01 16:16:00,83.23242605712542,0,Routine Change
2025-01-01 16:17:00,64.51018646141736,0,Screen Time
2025-01-01 16:18:00,79.38101849597088,0,Social Interaction
2025-01-01 16:19:00,72.52677702398309,0,Social Interaction
2025-01-01 16:20:00,78.03780906455565,0,Routine Change
2025-01-01 16:21:00,104.79099275859431,1,Screen Time
2025-01-01 16:22:00,66.22257427497871,0,Routine Change
2025-01-01 16:23:00,85.36916506309318,0,Loud Environment
2025-01-01 16:24:00,85.31308408581319,1,Loud Environment
2025-01-01 16:25:00,88.53542307915838,0,Social Interaction
2025-01-01 16:26:00,65.27932260467503,0,Screen Time
2025-01-01 16:27:00,73.36384412643979,0,Loud Environment
2025-01-01 16:28:00,65.49716388951175,0,Loud Environment
2025-01-01 16:29:00,42.43255790896194,0,Quiet Rest
2025-01-01 16:30:00,107.22626856571988,0,Screen Time
2025-01-01 16:31:00,97.40478610822568,0,Social Interaction
2025-01-01 16:32:00,80.7754076761255,0,Quiet Rest
2025-01-01 16:33:00,79.21318499023747,0,Quiet Rest
2025-01-01 16:34:00,63.57305413040994,1,Social Interaction
2025-01-01 16:35:00,69.31743897285608,0,Routine Change
2025-01-01 16:36:00,75.17113546864563,0,Loud Environment
2025-01-01 16:37:00,64.16330869984603,0,Social Interaction
2025-01-01 16:38:00,104.70874721316052,0,Social Interaction
2025-01-01 16:39:00,60.679338153040355,0,Loud Environment
